,福利厚生,健康経営,リモートワーク,お問い合わせ
https://www.imjp.co.jp, 29 , 8 ,1 ,https://www.google.co.jp/search?source=hp&ei=BsUkYM3lBM-9hwOMlKDIBQ&iflsig=AINFCbYAAAAAYCTTFpzVUOU8jwB0wrWdZAA9JWMdxV5m&q=%E3%81%8A%E5%95%8F%E3%81%84%E5%90%88%E3%82%8F%E3%81%9B+site%3Ahttps%3A%2F%2Fwww.imjp.co.jp&oq=%E3%81%8A%E5%95%8F%E3%81%84%E5%90%88%E3%82%8F%E3%81%9B+site%3Ahttps%3A%2F%2Fwww.imjp.co.jp&gs_lcp=Cgdnd3Mtd2l6EANQrQlYlxRggBhoAHAAeACAAeUCiAGXCpIBAzMtNJgBAKABAaoBB2d3cy13aXo&sclient=gws-wiz&ved=0ahUKEwjNgOD6kOHuAhXP3mEKHQwKCFkQ4dUDCAk&uact=5
https://www.akamai.com/jp/ja/,3 , 22 , 56 ,https://www.google.co.jp/search?source=hp&ei=I8UkYIeRMoHh-AavjJvwBg&iflsig=AINFCbYAAAAAYCTTM8Pttqm9cC4MxBstUqzA9EsJ3J8L&q=%E3%81%8A%E5%95%8F%E3%81%84%E5%90%88%E3%82%8F%E3%81%9B+site%3Ahttps%3A%2F%2Fwww.akamai.com%2Fjp%2Fja%2F&oq=%E3%81%8A%E5%95%8F%E3%81%84%E5%90%88%E3%82%8F%E3%81%9B+site%3Ahttps%3A%2F%2Fwww.akamai.com%2Fjp%2Fja%2F&gs_lcp=Cgdnd3Mtd2l6EANQ5QVYmA9guhJoAHAAeACAAdUCiAGdCpIBAzMtNJgBAKABAaoBB2d3cy13aXo&sclient=gws-wiz&ved=0ahUKEwjHrveIkeHuAhWBMN4KHS_GBm4Q4dUDCAk&uact=5
https://jp.akris.com,1 ,,,
https://www.adobe.com/jp/, 20 , 26 , 136 ,https://www.google.co.jp/search?source=hp&ei=jsUkYIK8F5WJoASJlaCoCg&iflsig=AINFCbYAAAAAYCTTnvkEdec3d7mYVs9P6ZCYLhljDDwx&q=%E3%81%8A%E5%95%8F%E3%81%84%E5%90%88%E3%82%8F%E3%81%9B+site%3Ahttps%3A%2F%2Fwww.adobe.com%2Fjp%2F&oq=%E3%81%8A%E5%95%8F%E3%81%84%E5%90%88%E3%82%8F%E3%81%9B+site%3Ahttps%3A%2F%2Fwww.adobe.com%2Fjp%2F&gs_lcp=Cgdnd3Mtd2l6EANQsgNYrQhg7wloAHAAeACAAQCIAQCSAQCYAQCgAQGqAQdnd3Mtd2l6&sclient=gws-wiz&ved=0ahUKEwiCu9-7keHuAhWVBIgKHYkKCKUQ4dUDCAk&uact=5
https://www.avanade.com, 189 ,5 , 89 ,https://www.google.co.jp/search?source=hp&ei=o8UkYPqCKNqnoATVkbWYDA&iflsig=AINFCbYAAAAAYCTTs99LUl78xeqPq7Ij-SraYHYS1Cru&q=%E3%81%8A%E5%95%8F%E3%81%84%E5%90%88%E3%82%8F%E3%81%9B+site%3Ahttps%3A%2F%2Fwww.avanade.com&oq=%E3%81%8A%E5%95%8F%E3%81%84%E5%90%88%E3%82%8F%E3%81%9B+site%3Ahttps%3A%2F%2Fwww.avanade.com&gs_lcp=Cgdnd3Mtd2l6EANQ9AhYyhJg_hNoAHAAeACAAQCIAQCSAQCYAQGgAQGqAQdnd3Mtd2l6&sclient=gws-wiz&ved=0ahUKEwi64PHFkeHuAhXaE4gKHdVIDcMQ4dUDCAk&uact=5
http://www.infini-trvl.co.jp/, 3 ,1 ,,
https://www.wicresoft.co.jp/,1 ,,,
https://www.wingarc.com, 4 , 107 , 39 ,https://www.google.co.jp/search?source=hp&ei=PMYkYPqzKcCKr7wPk6Oi-AY&iflsig=AINFCbYAAAAAYCTUTBYxXSQdW9vPhG_aYMJjjmvbSNd4&q=%E3%81%8A%E5%95%8F%E3%81%84%E5%90%88%E3%82%8F%E3%81%9B+site%3Ahttps%3A%2F%2Fwww.wingarc.com&oq=%E3%81%8A%E5%95%8F%E3%81%84%E5%90%88%E3%82%8F%E3%81%9B+site%3Ahttps%3A%2F%2Fwww.wingarc.com&gs_lcp=Cgdnd3Mtd2l6EANQtgRYkAlgrQpoAHAAeACAAQCIAQCSAQCYAQGgAQGqAQdnd3Mtd2l6&sclient=gws-wiz&ved=0ahUKEwj6we2OkuHuAhVAxYsBHZORCG8Q4dUDCAk&uact=5
https://www.equinix.co.jp, 2 ,4 , 27 ,https://www.google.co.jp/search?source=hp&ei=UMYkYJmWE4-Tr7wPu7KGuAE&iflsig=AINFCbYAAAAAYCTUYK9VQNbh7YWXXqHThIGma5FlLy1u&q=%E3%81%8A%E5%95%8F%E3%81%84%E5%90%88%E3%82%8F%E3%81%9B+site%3Ahttps%3A%2F%2Fwww.equinix.co.jp&oq=%E3%81%8A%E5%95%8F%E3%81%84%E5%90%88%E3%82%8F%E3%81%9B+site%3Ahttps%3A%2F%2Fwww.equinix.co.jp&gs_lcp=Cgdnd3Mtd2l6EANQnwRYgAxgtw5oAHAAeACAAQCIAQCSAQCYAQKgAQGqAQdnd3Mtd2l6&sclient=gws-wiz&ved=0ahUKEwiZ_puYkuHuAhWPyYsBHTuZARcQ4dUDCAk&uact=5
https://www.sap.com/japan/, 35 ," 1,930 ", 120 ,https://www.google.co.jp/search?source=hp&ei=Z8YkYIqWLv2Hr7wP_MG2iAI&iflsig=AINFCbYAAAAAYCTUd9e5PvAC60FUb1LaFLmwfe5yQ4HN&q=%E3%81%8A%E5%95%8F%E3%81%84%E5%90%88%E3%82%8F%E3%81%9B+site%3Ahttps%3A%2F%2Fwww.sap.com%2Fjapan%2F&oq=%E3%81%8A%E5%95%8F%E3%81%84%E5%90%88%E3%82%8F%E3%81%9B+site%3Ahttps%3A%2F%2Fwww.sap.com%2Fjapan%2F&gs_lcp=Cgdnd3Mtd2l6EANQ3wRY8wtgjg1oAHAAeACAAQCIAQCSAQCYAQGgAQGqAQdnd3Mtd2l6&sclient=gws-wiz&ved=0ahUKEwjK5bKjkuHuAhX9w4sBHfygDSEQ4dUDCAk&uact=5
https://nhn-techorus.com/, 2 ,2 , 15 ,https://www.google.co.jp/search?source=hp&ei=e8YkYPaIIb3fmAXlkZrIAw&iflsig=AINFCbYAAAAAYCTUi3SHtEeB3mipeHgdHL2IlO5lSIfd&q=%E3%81%8A%E5%95%8F%E3%81%84%E5%90%88%E3%82%8F%E3%81%9B+site%3Ahttps%3A%2F%2Fnhn-techorus.com%2F&oq=%E3%81%8A%E5%95%8F%E3%81%84%E5%90%88%E3%82%8F%E3%81%9B+site%3Ahttps%3A%2F%2Fnhn-techorus.com%2F&gs_lcp=Cgdnd3Mtd2l6EANQhwRYmwtgxAxoAHAAeACAAQCIAQCSAQCYAQGgAQGqAQdnd3Mtd2l6&sclient=gws-wiz&ved=0ahUKEwi2suqskuHuAhW9L6YKHeWIBjkQ4dUDCAk&uact=5
https://app.nhn-playart.com,,,,https://www.google.com/sorry/index?continue=https://www.google.co.jp/search%3Fsource%3Dhp%26ei%3D6MYkYLhv7IivvA-xqY-QBw%26iflsig%3DAINFCbYAAAAAYCTU-FDkZzBjhKovN3zxvJUbNShli4sA%26q%3D%25E3%2581%258A%25E5%2595%258F%25E3%2581%2584%25E5%2590%2588%25E3%2582%258F%25E3%2581%259B%2Bsite%253Ahttps%253A%252F%252Fapp.nhn-playart.com%26oq%3D%25E3%2581%258A%25E5%2595%258F%25E3%2581%2584%25E5%2590%2588%25E3%2582%258F%25E3%2581%259B%2Bsite%253Ahttps%253A%252F%252Fapp.nhn-playart.com%26gs_lcp%3DCgdnd3Mtd2l6EANQrwRYuApgyAtoAHAAeACAAQCIAQCSAQCYAQGgAQGqAQdnd3Mtd2l6%26sclient%3Dgws-wiz%26ved%3D0ahUKEwi4g8fgkuHuAhVsxIsBHbHUA3IQ4dUDCAk%26uact%3D5&q=EgTS5UgQGOqNk4EGIhkA8aeDS73EqBvsgm6InguWBy1Eo7u8E6hZMgFy
http://www.autodesk.co.jp/,,,,https://www.google.com/sorry/index?continue=https://www.google.co.jp/search%3Fsource%3Dhp%26ei%3DVMckYJr9DZSGr7wPl7erwAs%26iflsig%3DAINFCbYAAAAAYCTVZJGvChIYO_NDyOfeM3MO0Dvg9V8T%26q%3D%25E3%2581%258A%25E5%2595%258F%25E3%2581%2584%25E5%2590%2588%25E3%2582%258F%25E3%2581%259B%2Bsite%253Ahttp%253A%252F%252Fwww.autodesk.co.jp%252F%26oq%3D%25E3%2581%258A%25E5%2595%258F%25E3%2581%2584%25E5%2590%2588%25E3%2582%258F%25E3%2581%259B%2Bsite%253Ahttp%253A%252F%252Fwww.autodesk.co.jp%252F%26gs_lcp%3DCgdnd3Mtd2l6EANQogVY6ApgqQxoAHAAeACAAQCIAQCSAQCYAQGgAQGqAQdnd3Mtd2l6%26sclient%3Dgws-wiz%26ved%3D0ahUKEwia95OUk-HuAhUUw4sBHZfbCrgQ4dUDCAk%26uact%3D5&q=EgTS5UgQGNaOk4EGIhkA8aeDS3vDVe_zVdy1kYEj9piFW1yvhfrJMgFy
, 1, 4, 92, https://www.google.co.jp/search?source=hp&ei=uskkYLnJC9bn-QboqKzIBw&iflsig=AINFCbYAAAAAYCTXyoAWRYmdTjklnUjQYiehemhe0Xar&q=%E3%81%8A%E5%95%8F%E3%81%84%E5%90%88%E3%82%8F%E3%81%9B+site%3Ahttps%3A%2F%2Fwww.gartner.com&oq=%E3%81%8A%E5%95%8F%E3%81%84%E5%90%88%E3%82%8F%E3%81%9B+site%3Ahttps%3A%2F%2Fwww.gartner.com&gs_lcp=CgZwc3ktYWIQA1C4BVi2DGDEDmgAcAB4AIAB0AGIAZ8GkgEFMC4yLjKYAQCgAQGqAQdnd3Mtd2l6&sclient=psy-ab&ved=0ahUKEwi5jvW4leHuAhXWc94KHWgUC3kQ4dUDCAk&uact=5
, 55, 1, , https://www.google.co.jp/search?source=hp&ei=2skkYOGbAYiJoAToxLnwAw&iflsig=AINFCbYAAAAAYCTX6hZvhyJAilZ8epIuR-lV_KIBd41y&q=%E3%81%8A%E5%95%8F%E3%81%84%E5%90%88%E3%82%8F%E3%81%9B+site%3Ahttps%3A%2F%2Fwww.gameon.co.jp%2F&oq=%E3%81%8A%E5%95%8F%E3%81%84%E5%90%88%E3%82%8F%E3%81%9B+site%3Ahttps%3A%2F%2Fwww.gameon.co.jp%2F&gs_lcp=CgZwc3ktYWIQA1DJA1ioCWCsCmgAcAB4AIABAIgBAJIBAJgBAKABAaoBB2d3cy13aXo&sclient=psy-ab&ved=0ahUKEwjh8IvIleHuAhWIBIgKHWhiDj4Q4dUDCAk&uact=5
, , , https://www.google.co.jp/search?source=hp&ei=CcokYITmDtPW-Qafs57QCQ&iflsig=AINFCbYAAAAAYCTYGTLKacowP19zmmKLutfdqshXKb4j&q=%E3%81%8A%E5%95%8F%E3%81%84%E5%90%88%E3%82%8F%E3%81%9B+site%3Ahttps%3A%2F%2Fwww.colt.net%2Fja%2Fresources%2Fmirko-voltolini-vp-strategy-and-innovation%2F&oq=%E3%81%8A%E5%95%8F%E3%81%84%E5%90%88%E3%82%8F%E3%81%9B+site%3Ahttps%3A%2F%2Fwww.colt.net%2Fja%2Fresources%2Fmirko-voltolini-vp-strategy-and-innovation%2F&gs_lcp=CgZwc3ktYWIQA1C1BFihFWDOGGgAcAB4AIABAIgBAJIBAJgBAaABAaoBB2d3cy13aXo&sclient=psy-ab&ved=0ahUKEwjEjs7eleHuAhVTa94KHZ-ZB5oQ4dUDCAk&uact=5
, 22, 20, 133, https://www.google.co.jp/search?source=hp&ei=I8okYLXqHs_i-Ab0hbGoDQ&iflsig=AINFCbYAAAAAYCTYM_DuR5nyZRI8_zuXTYVTqodP3PWK&q=%E3%81%8A%E5%95%8F%E3%81%84%E5%90%88%E3%82%8F%E3%81%9B+site%3Ahttps%3A%2F%2Fwww.concur.co.jp&oq=%E3%81%8A%E5%95%8F%E3%81%84%E5%90%88%E3%82%8F%E3%81%9B+site%3Ahttps%3A%2F%2Fwww.concur.co.jp&gs_lcp=CgZwc3ktYWIQA1CaBVjqDWDAEGgAcAB4AIABAIgBAJIBAJgBAqABAaoBB2d3cy13aXo&sclient=psy-ab&ved=0ahUKEwj1h5HrleHuAhVPMd4KHfRCDNUQ4dUDCAk&uact=5
, , , https://www.google.co.jp/search?source=hp&ei=U8okYPmgG5DZ-QaEprXQCA&iflsig=AINFCbYAAAAAYCTYY_IWyvy0cU_dubfX_UN3H8n1LQX8&q=%E3%81%8A%E5%95%8F%E3%81%84%E5%90%88%E3%82%8F%E3%81%9B+site%3Ahttps%3A%2F%2Fcondenast.jp%2Frelease%2F2018%2F11%2Fcnjpr_2018005%2F&oq=%E3%81%8A%E5%95%8F%E3%81%84%E5%90%88%E3%82%8F%E3%81%9B+site%3Ahttps%3A%2F%2Fcondenast.jp%2Frelease%2F2018%2F11%2Fcnjpr_2018005%2F&gs_lcp=CgZwc3ktYWIQA1CKBljOEGD5EWgAcAB4AIABAIgBAJIBAJgBAaABAaoBB2d3cy13aXo&sclient=psy-ab&ved=0ahUKEwi5lv-BluHuAhWQbN4KHQRTDYoQ4dUDCAk&uact=5
, 18, 136, 248, https://www.google.co.jp/search?source=hp&ei=ZsokYJaJMIiS1e8PhZiBOA&iflsig=AINFCbYAAAAAYCTYdlk4J15uAd9vLu1PAh3yUaepMPn8&q=%E3%81%8A%E5%95%8F%E3%81%84%E5%90%88%E3%82%8F%E3%81%9B+site%3Ahttps%3A%2F%2Fwww.sas.com&oq=%E3%81%8A%E5%95%8F%E3%81%84%E5%90%88%E3%82%8F%E3%81%9B+site%3Ahttps%3A%2F%2Fwww.sas.com&gs_lcp=CgZwc3ktYWIQA1CwBFjLCGCBCmgAcAB4AIABAIgBAJIBAJgBAKABAaoBB2d3cy13aXo&sclient=psy-ab&ved=0ahUKEwiW1JuLluHuAhUISfUHHQVMAAcQ4dUDCAk&uact=5
, 52, 24, 17, https://www.google.co.jp/search?source=hp&ei=eMokYOusL8zxhwOYyJ6ACA&iflsig=AINFCbYAAAAAYCTYiK1Eu-jzOpYKzZ0ed9TmkfmklKFw&q=%E3%81%8A%E5%95%8F%E3%81%84%E5%90%88%E3%82%8F%E3%81%9B+site%3Ahttps%3A%2F%2Fwww.japan-systems.co.jp&oq=%E3%81%8A%E5%95%8F%E3%81%84%E5%90%88%E3%82%8F%E3%81%9B+site%3Ahttps%3A%2F%2Fwww.japan-systems.co.jp&gs_lcp=CgZwc3ktYWIQA1CwCVjzE2DhF2gAcAB4AYABAIgBAJIBAJgBBaABAaoBB2d3cy13aXo&sclient=psy-ab&ved=0ahUKEwjryOWTluHuAhXM-GEKHRikB4AQ4dUDCAk&uact=5

