,公式URL
株式会社IHI,https://www.ihi.co.jp
株式会社IHIインフラシステム,https://www.ihi.co.jp
株式会社IHIエスキューブ,http://www.iscube.co.jp
株式会社IHI原動機,https://www.ihi.co.jp
株式会社IHIプラント,https://www.ihi.co.jp
愛三工業株式会社,https://www.aisan-ind.co.jp
アイシン精機株式会社,https://www.aisin.co.jp
株式会社愛知銀行,https://www.aichibank.co.jp
愛知製鋼株式会社,https://www.aichi-steel.co.jp
会津オリンパス株式会社,https://www.olympus.co.jp
株式会社IDホールディングス,https://www.idnet-hd.co.jp
株式会社アイネット,https://ie.indeed.com
アクサ生命保険株式会社,https://www.axa.co.jp
曙ブレーキ工業株式会社,https://www.akebono-brake.com
アサヒグループホールディングス株式会社,https://rd.asahigroup-holdings.com
朝日生命保険相互会社,https://www.asahi-life.co.jp
株式会社アシックス,https://corp.asics.com
味の素株式会社,https://www.ajinomoto.co.jp
あすか製薬株式会社,https://www.aska-pharma.co.jp
アズビル株式会社,https://www.azbil.com
株式会社アドバンテッジリスクマネジメント,https://www.armg.jp/
株式会社穴吹工務店,http://dictionary.sensagent.com
アビームコンサルティング株式会社,https://www.abeam.com
アフラック生命保険株式会社,https://www.verdun.co.jp
アマノ株式会社,https://www.amano.co.jp
天野エンザイム株式会社,https://www.amano-enzyme.co.jp
株式会社あまの創健,https://www.and-love.com
株式会社アルバック,https://www.ulvac.co.jp
アルプス薬品工業株式会社,https://www.alps-pharm.co.jp
アンデン株式会社,https://www.denso.com
株式会社アンフィニ広島,http://hiff.jp
アンリツ株式会社,https://www.anritsu.com
株式会社イーウェル,https://www.ewel.co.jp
イオンフィナンシャルサービス株式会社,https://www.aeonfinancial.co.jp
株式会社池田泉州ホールディングス,https://jp.reuters.com
医療法人医誠会,http://www.iseikaihp.com
伊藤忠エネクス株式会社,https://www.itcenex.com
伊藤忠ケミカルフロンティア株式会社,https://www.itcchem.co.jp
伊藤忠商事株式会社,https://www.itochu.co.jp
伊藤忠テクノソリューションズ株式会社,https://www.ctc-g.co.jp
株式会社イトーキ,https://work-lab.itoki.jp/
イビデン株式会社,https://www.ibiden.co.jp
株式会社インテック,https://www.powerandit.co.jp
AGC株式会社,http://www.agc.com
ANAエアポートサービス株式会社,https://sg.indeed.com
ANA大阪空港株式会社,http://www.ana-osaap.co.jp
ANAホールディングス株式会社,https://okazakizaidan.or.jp
株式会社エス・エム・エス,https://www.bm-sms.co.jp
SMN株式会社,https://www.so-netmedia.jp
SMBC日興証券株式会社,https://www.smbcnikko.co.jp
SCSK株式会社,https://www.scsk.jp
SBアットワーク株式会社,https://ms-webcreative.com
株式会社エスプール,https://play.google.com
エヌ・ティ・ティ・データ・マネジメント・サービス株式,https://www.ntt.co.jp
会社,https://andfactory.co.jp
株式会社NTTデータMSE,https://www.nttdata.com
株式会社NTTドコモ,https://www.nttdocomo.co.jp
株式会社NTTファシリティーズ,https://www.ntt-f.co.jp
株式会社FTS,https://jglobal.jst.go.jp/detail?JGLOBAL_ID=201105094752207530
MS&ADシステムズ株式会社,https://www.oracle.com
MS&ADインシュアランスグループホールディン,https://www.ms-ad-hd.com
グス株式会社,https://www.geonet.co.jp
エムケー精工株式会社,https://www.mkseiko.co.jp
株式会社エムティーアイ,https://www.mti.co.jp
株式会社大分銀行,https://play.google.com
大阪瓦斯株式会社,https://www.osakagas.co.jp
大塚製薬株式会社,https://www.otsuka.co.jp
株式会社大塚製薬工場,https://www.otsuka.co.jp
大塚ホールディングス株式会社,https://www.otsuka.com
株式会社オーテックジャパン,https://www.nissan-global.com
株式会社大戸屋ホールディングス,https://play.google.com
株式会社オカムラ,https://www.okamura.co.jp
沖縄セルラー電話株式会社,http://media3.kddi.com
沖縄電力株式会社,https://www.moodys.com
小田急電鉄株式会社,https://www.odakyu.jp
小野薬品工業株式会社,https://www.immunooncology.jp/
オムロン株式会社,https://www.omron.co.jp
オムロンヘルスケア株式会社,https://www.healthcare.omron.co.jp
オリンパス株式会社,https://ae.indeed.com
花王株式会社,https://www.kao.co.jp
カゴメ株式会社,https://and.kagome.co.jp
株式会社カスタマーリレーションテレマーケティング,https://japan.zdnet.com
神奈川ダイハツ販売株式会社,https://kanagawa.dd.daihatsu.co.jp
関西電力株式会社,https://kepco.jp/home/
株式会社キャタラー,https://www.cataler.co.jp
キヤノン株式会社,https://canon.jp
キヤノンITソリューションズ株式会社,https://www.canon-its.co.jp
キヤノンマーケティングジャパン株式会社,https://canon.jp
九州電力株式会社,https://andnext.jp/
株式会社QTnet,https://app.fing.com
キユーピー株式会社,https://www.kewpie.com
京三電機株式会社,https://www.kyosan-denki.co.jp
株式会社京都環境保全公社,http://www.japan-waste.co.jp
一般財団法人京都工場保健会,https://job.mynavi.jp
協和キリン株式会社,https://faq.kirin.co.jp
キリンホールディングス株式会社,https://www.kirinholdings.co.jp
近鉄グループホールディングス株式会社,https://www.kintetsu-g-hd.co.jp
株式会社QUICK,https://corporate.quick.co.jp
株式会社熊谷組,https://www.k-and-e.co.jp
株式会社熊平製作所,https://www.kumahira.co.jp
株式会社群馬銀行,https://www.gunmabank.co.jp
株式会社KSK,https://www.kskandu-xray.net/
株式会社KSKテクノサポート,https://www.kts.ksk.co.jp
KDDI株式会社,https://career.kddi.com
株式会社KDDI総合研究所,https://www.kddi-research.jp
株式会社高知銀行,https://www.kochi-ct.ac.jp
株式会社高知電子計算センター,https://jglobal.jst.go.jp/detail?JGLOBAL_ID=201105074848761685
株式会社神戸製鋼所,https://www.kobelco.co.jp
株式会社神戸マツダ,https://www.mazda-hgr.co.jp
コカ・コーラ ボトラーズジャパン株式会社,https://en.ccbji.co.jp
国際石油開発帝石株式会社,https://www.inpex-recruit.com
コクヨ株式会社,https://www.kokuyo-furniture.co.jp
株式会社コスモネット,http://cosmonetinc.co.jp
コナミホールディングス株式会社,https://konami.com
コニカミノルタ株式会社,https://www.konicaminolta.com
コニカミノルタウイズユー株式会社,https://www.konicaminolta.com
コニカミノルタジャパン株式会社,https://www.konicaminolta.com
コニカミノルタ情報システム株式会社,https://www.konicaminolta.com
コニカミノルタビジネスアソシエイツ株式会社,https://www.konicaminolta.com
コニカミノルタメカトロニクス株式会社,https://www.konicaminolta.com
佐川アドバンス株式会社,https://sg-advance.co.jp
佐久間特殊鋼株式会社,https://www.sakuma-ss.co.jp
サッポロホールディングス株式会社,https://www.sapporoholdings.jp/
株式会社サッポロライオン,https://www.technosp.co.jp
サトーホールディングス株式会社,https://satoasiapacific.com
株式会社SUMCO,https://www.sumcosi.com
株式会社山陰合同銀行,https://www.gogin.co.jp
サンケン電気株式会社,https://www.products.sanken-ele.co.jp
サン電子工業株式会社,https://www.san-denshi.co.jp
サントリー食品インターナショナル株式会社,https://patents.google.com
サントリーホールディングス株式会社,https://www.kousan.suntory.co.jp
株式会社ジェイエア,https://ja.wikipedia.org/wiki/%E3%82%B8%E3%82%A7%E3%82%A4%E3%82%A8%E3%82%A2
JFE商事株式会社,https://www.jfe-shoji.co.jp
株式会社JTB,https://www.jtbcorp.jp/jp/JTBGroupProfile.pdf
株式会社ジェイテクト,https://www.jtekt.co.jp
株式会社JVCケンウッド,https://www.jvckenwood.com
塩野義製薬株式会社,https://www.shionogi.com
株式会社四国銀行,https://www.shikokubank.co.jp
シスメックス株式会社,https://www.sysmex.co.jp
株式会社資生堂,https://corp.shiseido.com
株式会社七十七銀行,https://www.77rc.co.jp
株式会社島忠,https://apps.apple.com
株式会社島津製作所,https://www.shimadzu.co.jp
シミックホールディングス株式会社,https://www.cmicgroup.com
株式会社ジャックス,https://www.jaccs.co.jp
ジヤトコ株式会社,https://www.jatco.co.jp
ジヤトコエンジニアリング株式会社,https://www.linkedin.com
株式会社ジャパネットホールディングス,https://www.adobe.com
ジャパン マリンユナイテッド株式会社,https://www.jmuc.co.jp
株式会社JALエンジニアリング,https://jpiwa.onrender.com
株式会社JALサンライト,https://www.ref.jeed.go.jp/18/18096.html
株式会社JALスカイ,https://www.jal.com
株式会社ジャルセールス,https://jalsales.com
株式会社JALUX,http://www.jalux.com
株式会社JALナビア,https://ryouritsu.mhlw.go.jp
株式会社ジャルパック,https://jalsales.com
株式会社ジュピターテレコム,https://www.jcom-ssi.co.jp
株式会社商船三井,https://www.mol.co.jp
株式会社神鋼エンジニアリング&メンテナンス,http://procompite.produce.gob.pe/songs.html
信州ハム株式会社,https://www.cisco.com
新東工業株式会社,http://vcerax.sinto.co.jp
株式会社新日本科学,https://www.snbl.co.jp
新日本無線株式会社,https://www.njr.co.jp
シンポー情報システム株式会社,https://ryouritsu.mhlw.go.jp/hiroba//search_dtl.php?cn=20921&n=%2525E3%252582%2525B7%2525E3%252583%2525B3%2525E3%252583%25259D%2525E3%252583%2525BC%2525E6%252583%252585%2525E5%2525A0%2525B1%2525E3%252582%2525B7%2525E3%252582%2525B9%2525E3%252583%252586%2525E3%252583%2525A0%2525E6%2525A0%2525AA%2525E5%2525BC%25258F%2525E4%2525BC%25259A%2525E7%2525A4%2525BE
株式会社スズキ自販茨城,https://www.carsensor.net/shop/ibaraki/3002/2/index.html
鈴与商事株式会社,https://job.sjcnavi.com
住友化学株式会社,https://www.sumitomo-chem.co.jp
住友ゴム工業株式会社,https://patents.google.com
住友商事株式会社,https://www.sumitomocorp.com
住友生命保険相互会社,https://www.sumitomolife.co.jp
住友電気工業株式会社,https://sei.co.jp
住友電工焼結合金株式会社,https://sei.co.jp
住友理工株式会社,https://www.sumitomoriko.co.jp
セイコーエプソン株式会社,https://patents.google.com
積水化学工業株式会社,https://www.sekisui.co.jp
積水ハウス株式会社,https://h-and-l.com
セコム医療システム株式会社,https://medical.secom.co.jp
Zホールディングス株式会社,https://www.z-holdings.co.jp
株式会社セブン&アイ・ホールディングス,https://www.7andi.com
センコーグループホールディングス株式会社,https://www.h2o.ai/resources/case-study/ai-%E3%81%AB%E3%82%88%E3%82%8B%E5%87%BA%E8%8D%B7%E9%87%8F%E4%BA%88%E6%B8%AC%E3%82%92%E3%82%BB%E3%83%B3%E3%82%B3%E3%83%BC%E3%82%AF%E3%82%99%E3%83%AB%E3%83%BC%E3%83%95%E3%82%9A%E3%83%9B%E3%83%BC/
千寿製薬株式会社,https://www.senju.co.jp
セントラルスポーツ株式会社,https://www.central.co.jp
双日株式会社,https://www.sojitz-infinity.com
株式会社SOKEN,https://www.soken-labs.com
ソフトバンク株式会社,https://www.softbank.jp/corp/aboutus/profile/
SOMPOコミュニケーションズ株式会社,https://job.rikunabi.com
SOMPOひまわり生命保険株式会社,https://www.himawari-life.co.jp
SOMPOホールディングス株式会社,https://www.sompo-hd.com
第一工業製薬株式会社,https://www.dks-web.co.jp
第一三共株式会社,https://www.daiichisankyo.co.jp
第一生命ホールディングス株式会社,https://www.dai-ichi-life-hd.com
大旺新洋株式会社,https://jp.linkedin.com
大王製紙株式会社,https://www.daio-paper.co.jp
株式会社第四銀行,https://www.tandiic.co.jp
大樹生命保険株式会社,https://www.taiju-life.co.jp
株式会社ダイセル,https://www.daicel.com
大同生命保険株式会社,https://www.fitchratings.com
大同特殊鋼株式会社,https://www.daido.co.jp
大日本住友製薬株式会社,https://www.ds-pharma.co.jp
株式会社ダイフク,https://jp.linkedin.com
大豊工業株式会社,http://www.taihonet.co.jp
太陽生命保険株式会社,https://www.taiyo-seimei.co.jp
株式会社大和証券グループ本社,http://www.daiwa-grp.jp/data/current/press-3410-attachment.pdf
株式会社タウ,https://www.tau.co.jp
株式会社滝澤鉄工所,https://www.takisawa.co.jp
株式会社竹内製作所,https://www.3ds.com
田辺三菱製薬株式会社,https://www.mt-pharma.co.jp
株式会社千葉マツダ,https://www.goo-net.com
株式会社中国銀行,https://www.citrix.com
株式会社中部プラントサービス,http://job.meidaisha.co.jp
都築電気株式会社,https://www.tsuzuki.co.jp
TIS株式会社,https://www.tis.co.jp
DIC株式会社,https://www.dic-global.com
株式会社ティーガイア,https://www.t-gaia.co.jp
帝人株式会社,https://www.teijin.com
株式会社ディスコ,https://www.disc.co.jp
テクノエイト株式会社,https://fo-fo.jp/vaselines/products/detail.php?product_id=319
株式会社デサント,http://apparel-mag.com
株式会社テプコシステムズ,https://www.unit-and-guest.com
テルモ株式会社,https://www.terumo.co.jp
株式会社デンソー,https://www.denso.com
株式会社デンソー岩手,http://www.denso-iwate.co.jp
株式会社デンソーエアクール,https://www.denso-aircool.co.jp
株式会社デンソーFA山形,https://www.denso-fy.co.jp
株式会社デンソー九州,https://www.denso.com
株式会社デンソーソリューション,https://www.denso.com
株式会社デンソーテン,https://www.denso-ten.com
株式会社デンソーファシリティーズ,https://www.denso.com
株式会社デンソー北海道,https://www.denso.com
東亞合成株式会社,https://www.toagosei.co.jp
株式会社東海理化電機製作所,http://www.tokai-rika.co.jp
東海旅客鉄道株式会社,https://company.jr-central.co.jp
東急株式会社,https://www.tokyu.co.jp
株式会社東急コミュニティー,http://www.plan-and-network.jp/company/
東急不動産株式会社,https://www.tokyu-land.co.jp
東急不動産ホールディングス株式会社,https://www.tokyu-fudosan-hd.co.jp
東京エレクトロン株式会社,https://www.tel.co.jp
東京オート株式会社,https://www.and-design.co.jp
東京海上日動あんしん生命保険株式会社,https://www.i-and-e.co.jp
東京海上日動システムズ株式会社,https://www.tmn-systems.co.jp

